claim_id,policy_id,date_of_claim,claim_amount,claim_status,LastUpdatedTimeStamp
10001,679,2022-04-11 16:40:00,140087.89,Completed,2022-04-11 16:40:00
10002,681,2022-01-08 16:06:00,160138.57,Completed,2022-01-08 16:06:00
10003,801,2022-06-07 01:13:00,61679.48,In Progress,2022-06-07 01:13:00
10004,23,2023-02-18 17:06:40,110671.43,Completed,2023-02-18 17:06:40
10005,956,2022-09-21 06:00:00,135040.62,Denied,2022-09-21 06:00:00
10006,889,2022-12-30 06:00:00,162569.43,Completed,2022-12-30 06:00:00
10007,440,2022-04-27 03:26:40,67254.05,In Progress,2022-04-27 03:26:40
10008,293,2022-10-17 23:40:00,116247.7,Completed,2022-10-17 23:40:00
10009,54,2023-08-01 17:46:00,32499.48,In Progress,2023-08-01 17:46:00
10010,645,2023-01-31 01:53:20,48848.62,In Progress,2023-01-31 01:53:20
10011,759,2023-02-03 12:26:00,92100.01,In Progress,2023-02-03 12:26:00
10012,932,2022-04-22 09:33:20,62257.85,Completed,2022-04-22 09:33:20
10013,585,2022-09-11 18:53:00,24092.32,Completed,2022-09-11 18:53:00
10014,148,2023-09-02 16:26:00,85573.79,In Progress,2023-09-02 16:26:00
10015,133,2022-02-11 11:53:00,60381.99,Completed,2022-02-11 11:53:00
10016,92,2022-12-28 09:33:20,131212.8,Completed,2022-12-28 09:33:20
10017,479,2022-09-05 23:46:00,22839.66,In Progress,2022-09-05 23:46:00
10018,612,2022-05-12 08:46:00,169699.92,Completed,2022-05-12 08:46:00
10019,127,2023-03-21 03:40:00,102654.96,Completed,2023-03-21 03:40:00
10020,350,2022-10-27 08:40:00,112339.78,Completed,2022-10-27 08:40:00
10021,429,2023-07-03 17:26:00,49687.47,In Progress,2023-07-03 17:26:00
10022,395,2022-07-28 01:00:00,161694.09,Completed,2022-07-28 01:00:00
10023,203,2022-07-28 20:26:40,53586.12,In Progress,2022-07-28 20:26:40
10024,625,2022-05-12 19:53:00,88231.51,In Progress,2022-05-12 19:53:00
10025,199,2022-06-17 15:33:20,166286.49,In Progress,2022-06-17 15:33:20
10026,464,2023-12-02 22:13:00,169277.6,Completed,2023-12-02 22:13:00
10027,755,2022-10-27 05:53:20,80219.71,Completed,2022-10-27 05:53:20
10028,335,2023-02-23 08:13:20,100867.83,Completed,2023-02-23 08:13:20
10029,277,2022-09-09 02:20:00,18757.48,Denied,2022-09-09 02:20:00
10030,849,2022-11-15 05:26:40,42294.01,In Progress,2022-11-15 05:26:40
10031,661,2022-09-15 00:00:00,12066.89,In Progress,2022-09-15 00:00:00
10032,109,2022-10-19 09:00:00,15680.2,In Progress,2022-10-19 09:00:00
10033,737,2022-06-27 11:40:00,162801.97,Completed,2022-06-27 11:40:00
10034,473,2022-10-18 08:00:00,73295.07,Completed,2022-10-18 08:00:00
10035,608,2022-12-14 03:53:20,121568.25,In Progress,2022-12-14 03:53:20
10036,579,2022-04-22 20:40:00,120287.31,Completed,2022-04-22 20:40:00
10037,228,2022-09-24 00:40:00,58351.63,Completed,2022-09-24 00:40:00
10038,33,2022-04-22 12:20:00,152652.68,In Progress,2022-04-22 12:20:00
10039,73,2022-10-30 11:40:00,112833.41,In Progress,2022-10-30 11:40:00
10040,10,2022-05-12 11:33:00,110102.82,In Progress,2022-05-12 11:33:00
10041,836,2022-05-24 16:33:20,17630.69,Completed,2022-05-24 16:33:20
10042,424,2022-08-05 22:46:00,154047.12,In Progress,2022-08-05 22:46:00
10043,525,2022-09-30 09:26:40,60537.52,In Progress,2022-09-30 09:26:40
10044,734,2022-09-15 13:53:20,176409.72,In Progress,2022-09-15 13:53:20
10045,379,2023-08-04 21:40:00,192888.87,Completed,2023-08-04 21:40:00
10046,,,0,,
10047,978,2023-01-25 07:00:00,92556.41,In Progress,2023-01-25 07:00:00
10048,127,2023-02-20 10:46:40,130112.28,In Progress,2023-02-20 10:46:40
10049,76,2023-03-13 15:06:40,2188.03,Completed,2023-03-13 15:06:40
10050,203,2022-09-10 07:20:00,64861.64,Completed,2022-09-10 07:20:00
10051,661,2022-04-20 07:33:20,26187.22,Completed,2022-04-20 07:33:20
10052,597,2022-04-25 01:26:40,83274.9,Completed,2022-04-25 01:26:40
10053,9,2022-10-23 13:00:00,191036.73,Completed,2022-10-23 13:00:00
10054,817,2022-06-10 18:13:00,127238.79,Completed,2022-06-10 18:13:00
10055,956,2023-04-04 17:40:00,191735.46,In Progress,2023-04-04 17:40:00
10056,71,2022-07-22 00:33:20,195662.08,Completed,2022-07-22 00:33:20
10057,289,2023-01-25 12:33:20,153178.29,Completed,2023-01-25 12:33:20
10058,939,2022-03-10 04:06:00,55120.55,Completed,2022-03-10 04:06:00
10059,290,2023-09-03 22:13:00,127939.01,Pending,2023-09-03 22:13:00
10060,425,2022-09-30 15:00:00,96223.25,Denied,2022-09-30 15:00:00
10061,,,0,,
10062,543,2022-10-07 08:00:00,125144.21,In Progress,2022-10-07 08:00:00
10063,755,2022-05-21 19:06:40,76358.69,In Progress,2022-05-21 19:06:40
10064,437,2022-04-09 05:40:00,87445.67,In Progress,2022-04-09 05:40:00
10065,335,2022-06-08 15:33:00,186178.06,Completed,2022-06-08 15:33:00
10066,,,0,,
10067,547,2022-06-09 10:26:00,193807.96,Completed,2022-06-09 10:26:00
10068,630,2022-10-17 01:26:40,2331.05,Completed,2022-10-17 01:26:40
10069,,,0,,
10070,541,2022-12-13 02:53:20,2282.79,In Progress,2022-12-13 02:53:20
10071,,,0,,
10072,193,2023-02-23 22:06:40,78234.25,In Progress,2023-02-23 22:06:40
10073,429,2022-09-09 05:06:00,149912,Denied,2022-09-09 05:06:00
10074,,,0,,
10075,718,2022-08-20 21:13:20,76591.31,In Progress,2022-08-20 21:13:20
10076,,,0,,
10077,803,2023-04-04 12:06:00,158390.79,Pending,2023-04-04 12:06:00
10078,324,2022-06-10 09:53:00,31975.43,In Progress,2022-06-10 09:53:00
10079,654,2022-09-24 14:33:20,115224.76,In Progress,2022-09-24 14:33:20
10080,,,0,,
10081,391,2022-11-17 01:53:20,161553.62,In Progress,2022-11-17 01:53:20
10082,216,2022-09-13 03:33:20,60025.99,Completed,2022-09-13 03:33:20
10083,614,2023-04-14 08:13:20,30621.13,In Progress,2023-04-14 08:13:20
10084,831,2022-06-17 01:40:00,27815.03,Completed,2022-06-17 01:40:00
10085,397,2022-05-19 08:46:40,113027.42,Completed,2022-05-19 08:46:40
10086,,,0,,
10087,603,2022-06-16 09:00:00,45168.12,In Progress,2022-06-16 09:00:00
10088,486,2022-10-10 08:20:00,112556.91,In Progress,2022-10-10 08:20:00
10089,41,2022-05-07 08:33:00,15737.86,Completed,2022-05-07 08:33:00
10090,196,2023-07-04 20:40:00,69487.87,Denied,2023-07-04 20:40:00
10091,322,2023-11-02 01:46:00,109376.06,Completed,2023-11-02 01:46:00
10092,456,2023-04-13 10:00:00,31778.53,In Progress,2023-04-13 10:00:00
10093,961,2022-05-08 00:40:00,182332.7,Completed,2022-05-08 00:40:00
10094,896,2022-06-27 08:53:20,190127.38,In Progress,2022-06-27 08:53:20
10095,760,2022-11-14 21:06:40,187748.1,Pending,2022-11-14 21:06:40
10096,726,2022-06-13 03:13:20,60890.19,Pending,2022-06-13 03:13:20
10097,579,2022-06-07 12:20:00,143732.35,In Progress,2022-06-07 12:20:00
10098,204,2022-08-07 06:00:00,178620.46,Completed,2022-08-07 06:00:00
10099,818,2023-01-17 04:33:20,175584.46,Denied,2023-01-17 04:33:20
10100,976,2022-08-07 19:53:00,137256.38,Pending,2022-08-07 19:53:00
10101,812,2022-07-13 13:46:40,163474.38,In Progress,2022-07-13 13:46:40
10102,596,2022-07-29 13:06:40,148850.03,Completed,2022-07-29 13:06:40
10103,1000,2022-12-25 20:26:40,91172.9,Completed,2022-12-25 20:26:40
10104,244,2023-03-02 04:53:00,44961.97,In Progress,2023-03-02 04:53:00
10105,820,2022-08-25 06:46:40,28990.24,Completed,2022-08-25 06:46:40
10106,671,2023-02-04 15:40:00,26169.5,Completed,2023-02-04 15:40:00
10107,662,2023-01-03 14:13:00,152084.76,Completed,2023-01-03 14:13:00
10108,340,2022-12-16 17:00:00,80754.26,In Progress,2022-12-16 17:00:00
10109,680,2022-07-26 10:06:40,140156.84,In Progress,2022-07-26 10:06:40
10110,154,2022-12-16 17:00:00,128441.53,Completed,2022-12-16 17:00:00
10111,459,2022-10-16 03:13:20,31286.4,Completed,2022-10-16 03:13:20
10112,439,2023-10-02 23:00:00,26389.75,In Progress,2023-10-02 23:00:00
10113,501,2023-10-04 04:13:00,145347.23,In Progress,2023-10-04 04:13:00
10114,996,2022-12-07 15:33:00,192977.33,In Progress,2022-12-07 15:33:00
10115,644,2023-01-03 03:06:00,115972.8,Denied,2023-01-03 03:06:00
10116,320,2022-11-10 20:26:00,50909.65,In Progress,2022-11-10 20:26:00
10117,745,2022-12-22 14:40:00,44550.61,Completed,2022-12-22 14:40:00
10118,425,2022-06-28 07:06:40,141476.47,In Progress,2022-06-28 07:06:40
10119,44,2023-01-30 00:53:20,32415.41,In Progress,2023-01-30 00:53:20
10120,875,2023-02-03 04:06:00,34359.07,In Progress,2023-02-03 04:06:00
10121,,,0,,
10122,314,2022-07-19 05:53:20,127279.69,In Progress,2022-07-19 05:53:20
10123,646,2022-09-23 16:20:00,78767.24,Completed,2022-09-23 16:20:00
10124,390,2022-09-13 09:06:40,57440.1,In Progress,2022-09-13 09:06:40
10125,277,2023-09-03 00:00:00,105904.92,Completed,2023-09-03 00:00:00
10126,160,2022-09-05 18:13:00,130756.59,Completed,2022-09-05 18:13:00
10127,12,2022-02-12 14:06:00,137919.09,Completed,2022-02-12 14:06:00
10128,262,2022-09-09 07:53:00,157615.43,In Progress,2022-09-09 07:53:00
10129,538,2022-07-15 13:00:00,49133.41,Completed,2022-07-15 13:00:00
10130,997,2022-05-28 20:33:20,166809.26,Completed,2022-05-28 20:33:20
10131,96,2022-11-06 09:33:00,19386.04,Completed,2022-11-06 09:33:00
10132,266,2022-10-24 05:40:00,57694.37,In Progress,2022-10-24 05:40:00
10133,366,2022-05-06 23:00:00,61123.57,Completed,2022-05-06 23:00:00
10134,534,2022-08-31 21:06:40,197402.9,Completed,2022-08-31 21:06:40
10135,131,2022-09-05 12:40:00,143336.06,Completed,2022-09-05 12:40:00
10136,,,0,,
10137,473,2023-01-23 16:06:40,18022.5,In Progress,2023-01-23 16:06:40
10138,4,2022-07-29 02:00:00,173940.47,Completed,2022-07-29 02:00:00
10139,663,2023-03-31 13:40:00,109972.33,In Progress,2023-03-31 13:40:00
10140,828,2022-09-23 10:46:40,60423.36,Pending,2022-09-23 10:46:40
10141,582,2022-04-11 02:46:00,60087.15,In Progress,2022-04-11 02:46:00
10142,950,2022-06-06 07:20:00,95611.28,In Progress,2022-06-06 07:20:00
10143,447,2022-11-21 00:20:00,56903.35,In Progress,2022-11-21 00:20:00
10144,684,2022-12-24 02:46:40,46052.5,Completed,2022-12-24 02:46:40
10145,918,2022-09-17 04:46:40,148950.18,In Progress,2022-09-17 04:46:40
10146,388,2023-03-19 18:20:00,66407.76,Completed,2023-03-19 18:20:00
10147,245,2022-10-10 02:46:00,160148.21,Completed,2022-10-10 02:46:00
10148,385,2022-03-08 12:33:00,3440.96,In Progress,2022-03-08 12:33:00
10149,261,2022-10-17 01:26:40,145691.82,Completed,2022-10-17 01:26:40
10150,907,2023-01-26 02:26:40,62832.66,Completed,2023-01-26 02:26:40
10151,363,2022-05-13 19:26:40,197761.95,Pending,2022-05-13 19:26:40
10152,261,2022-07-14 06:26:40,66804.65,In Progress,2022-07-14 06:26:40
10153,,,0,,
10154,920,2022-09-05 07:06:00,40639.82,In Progress,2022-09-05 07:06:00
10155,189,2022-08-12 11:46:00,39738.46,In Progress,2022-08-12 11:46:00
10156,153,2022-11-19 12:13:20,131738.34,In Progress,2022-11-19 12:13:20
10157,642,2022-05-11 09:20:00,127605.65,Completed,2022-05-11 09:20:00
10158,266,2022-06-17 10:00:00,182132.12,In Progress,2022-06-17 10:00:00
10159,266,2023-05-01 14:46:00,98230.79,Completed,2023-05-01 14:46:00
10160,387,2023-01-19 14:53:20,17980.35,Completed,2023-01-19 14:53:20
10161,481,2022-12-13 14:00:00,154558.19,In Progress,2022-12-13 14:00:00
10162,990,2022-04-17 18:26:40,29557.7,In Progress,2022-04-17 18:26:40
10163,608,2022-02-08 19:53:00,12170.6,In Progress,2022-02-08 19:53:00
10164,758,2022-03-07 01:00:00,101192.16,Completed,2022-03-07 01:00:00
10165,627,2022-11-28 10:06:40,41385.51,Completed,2022-11-28 10:06:40
10166,941,2022-02-10 08:40:00,148757.45,Completed,2022-02-10 08:40:00
10167,,,0,,
10168,700,2023-08-02 15:26:00,163213.45,Completed,2023-08-02 15:26:00
10169,613,2022-07-12 19:06:00,149939.78,In Progress,2022-07-12 19:06:00
10170,121,2022-08-09 09:40:00,116075.39,In Progress,2022-08-09 09:40:00
10171,842,2022-12-12 13:00:00,179903.79,Completed,2022-12-12 13:00:00
10172,580,2022-05-21 05:13:20,73007.58,In Progress,2022-05-21 05:13:20
10173,987,2023-01-14 21:00:00,22719.86,Completed,2023-01-14 21:00:00
10174,33,2022-05-13 05:33:20,35000.12,Completed,2022-05-13 05:33:20
10175,768,2022-06-14 18:06:40,77237.38,Completed,2022-06-14 18:06:40
10176,964,2022-03-08 18:06:00,191773.15,In Progress,2022-03-08 18:06:00
10177,764,2022-11-14 07:13:20,103181.26,In Progress,2022-11-14 07:13:20
10178,725,2022-11-26 02:33:20,171035.15,Completed,2022-11-26 02:33:20
10179,837,2023-04-13 23:53:20,177888.05,In Progress,2023-04-13 23:53:20
10180,246,2022-10-15 16:06:40,109408.55,In Progress,2022-10-15 16:06:40
10181,990,2023-09-04 08:46:00,154884.74,In Progress,2023-09-04 08:46:00
10182,975,2022-10-26 16:00:00,88011.86,In Progress,2022-10-26 16:00:00
10183,651,2023-02-24 06:26:40,71042.4,In Progress,2023-02-24 06:26:40
10184,901,2022-07-14 06:26:40,49623.04,Denied,2022-07-14 06:26:40
10185,247,2022-11-30 06:33:20,92178.09,Pending,2022-11-30 06:33:20
10186,624,2023-02-27 06:40:00,3462.37,Completed,2023-02-27 06:40:00
10187,334,2022-05-07 05:46:00,160303.16,Denied,2022-05-07 05:46:00
10188,171,2022-08-24 19:40:00,198534.73,In Progress,2022-08-24 19:40:00
10189,130,2022-12-21 08:06:40,42632.29,Completed,2022-12-21 08:06:40
10190,,,0,,
10191,357,2022-12-20 12:40:00,70070.62,Completed,2022-12-20 12:40:00
10192,176,2023-10-04 07:00:00,130687.1,Completed,2023-10-04 07:00:00
10193,553,2023-03-19 23:53:20,165792.37,In Progress,2023-03-19 23:53:20
10194,364,2022-07-15 18:33:20,175270.16,In Progress,2022-07-15 18:33:20
10195,100,2022-09-19 06:46:40,170712.27,Completed,2022-09-19 06:46:40
10196,915,2023-06-04 08:33:00,53529.42,In Progress,2023-06-04 08:33:00
10197,402,2022-09-29 16:46:40,77565.32,Denied,2022-09-29 16:46:40
10198,807,2022-07-11 14:06:00,174825.52,Completed,2022-07-11 14:06:00
10199,522,2022-10-31 07:06:40,33443.61,Completed,2022-10-31 07:06:40
10200,105,2022-05-12 17:06:00,110992.31,In Progress,2022-05-12 17:06:00
10201,129,2022-12-28 01:13:20,82407.84,Completed,2022-12-28 01:13:20
10202,381,2022-09-11 13:20:00,105424.05,In Progress,2022-09-11 13:20:00
10203,236,2022-10-16 00:26:40,34631.69,In Progress,2022-10-16 00:26:40
10204,187,2022-07-17 06:40:00,32075.66,In Progress,2022-07-17 06:40:00
10205,849,2022-09-28 04:40:00,155426.93,Denied,2022-09-28 04:40:00
10206,761,2022-10-25 20:33:20,171113.99,Pending,2022-10-25 20:33:20
10207,405,2022-02-09 03:40:00,156395.17,Completed,2022-02-09 03:40:00
10208,22,2023-02-25 07:26:40,34817.95,In Progress,2023-02-25 07:26:40
10209,659,2022-06-10 15:26:00,72346.34,Completed,2022-06-10 15:26:00
10210,363,2022-05-21 10:46:40,57980.39,In Progress,2022-05-21 10:46:40
10211,553,2022-11-24 06:06:40,155272,Completed,2022-11-24 06:06:40
10212,910,2022-02-07 11:06:00,93312.18,Completed,2022-02-07 11:06:00
10213,161,2023-02-25 07:26:40,101193.44,Denied,2023-02-25 07:26:40
10214,719,2022-07-06 08:20:00,81638.49,Completed,2022-07-06 08:20:00
10215,874,2023-12-01 21:46:00,185133.72,In Progress,2023-12-01 21:46:00
10216,460,2022-11-05 23:00:00,144839.96,Completed,2022-11-05 23:00:00
10217,620,2022-08-18 02:33:20,84382.33,Completed,2022-08-18 02:33:20
10218,596,2022-12-16 17:00:00,100418.27,In Progress,2022-12-16 17:00:00
10219,,,0,,
10220,889,2023-11-03 15:53:00,143708.52,In Progress,2023-11-03 15:53:00
10221,23,2022-08-08 06:26:00,123154.62,Completed,2022-08-08 06:26:00
10222,39,2022-10-10 05:33:00,114220.03,Completed,2022-10-10 05:33:00
10223,149,2023-07-04 06:46:00,51459.83,In Progress,2023-07-04 06:46:00
10224,661,2022-02-10 22:33:00,86818.81,In Progress,2022-02-10 22:33:00
10225,181,2022-08-27 03:13:20,68724.41,Denied,2022-08-27 03:13:20
10226,637,2023-10-02 09:06:00,64846.06,Denied,2023-10-02 09:06:00
10227,561,2023-03-19 21:06:40,93389.78,Completed,2023-03-19 21:06:40
10228,502,2022-12-05 07:20:00,6641.32,In Progress,2022-12-05 07:20:00
10229,729,2022-08-24 08:33:20,187800.67,In Progress,2022-08-24 08:33:20
10230,777,2023-12-03 11:20:00,74526.02,Completed,2023-12-03 11:20:00
10231,621,2022-06-23 04:53:20,95020.54,Completed,2022-06-23 04:53:20
10232,782,2022-11-21 14:13:20,31602.25,In Progress,2022-11-21 14:13:20
10233,376,2022-12-16 14:13:20,26334.29,Completed,2022-12-16 14:13:20
10234,255,2022-01-09 02:40:00,94693.97,Completed,2022-01-09 02:40:00
10235,989,2022-04-30 20:20:00,178846.46,Completed,2022-04-30 20:20:00
10236,52,2022-06-18 13:46:40,5673.04,Completed,2022-06-18 13:46:40
10237,119,2023-05-03 04:20:00,183204.46,Completed,2023-05-03 04:20:00
10238,824,2023-06-03 13:40:00,147960.63,Completed,2023-06-03 13:40:00
10239,,,0,,
10240,467,2022-11-10 20:26:00,27815.34,Completed,2022-11-10 20:26:00
10241,270,2023-08-03 12:53:00,172049.39,In Progress,2023-08-03 12:53:00
10242,857,2022-11-11 09:46:00,62269.06,Completed,2022-11-11 09:46:00
10243,700,2022-04-29 19:20:00,69702.52,Completed,2022-04-29 19:20:00
10244,251,2022-08-09 12:26:00,79568.46,In Progress,2022-08-09 12:26:00
10245,180,2022-11-22 06:53:20,58340.4,In Progress,2022-11-22 06:53:20
10246,48,2023-04-15 09:13:20,51605.81,Completed,2023-04-15 09:13:20
10247,914,2022-08-08 06:26:00,54784.63,In Progress,2022-08-08 06:26:00
10248,961,2023-10-01 05:53:00,106475.54,Completed,2023-10-01 05:53:00
10249,411,2023-09-04 19:53:00,125944.67,Completed,2023-09-04 19:53:00
10250,919,2023-01-04 00:46:00,145977.05,In Progress,2023-01-04 00:46:00
10251,53,2022-06-19 06:26:40,54784.88,In Progress,2022-06-19 06:26:40
10252,285,2022-08-18 19:13:20,126526.9,Completed,2022-08-18 19:13:20
10253,532,2023-03-26 08:40:00,123040.5,In Progress,2023-03-26 08:40:00
10254,192,2023-03-17 21:53:20,41362.74,Completed,2023-03-17 21:53:20
10255,932,2022-11-28 07:20:00,135076.62,Denied,2022-11-28 07:20:00
10256,915,2023-11-04 08:00:00,43690.52,Completed,2023-11-04 08:00:00
10257,442,2022-11-15 19:20:00,40270.54,In Progress,2022-11-15 19:20:00
10258,355,2023-04-16 01:53:20,199659.76,Denied,2023-04-16 01:53:20
10259,614,2022-08-23 02:00:00,178084.46,In Progress,2022-08-23 02:00:00
10260,753,2022-01-05 04:40:00,26685.52,In Progress,2022-01-05 04:40:00
10261,34,2022-07-13 16:33:20,74955.3,In Progress,2022-07-13 16:33:20
10262,17,2022-09-13 20:13:20,190594.34,Pending,2022-09-13 20:13:20
10263,431,2022-12-31 09:46:40,27005.43,Completed,2022-12-31 09:46:40
10264,304,2022-06-24 05:53:20,119755.07,In Progress,2022-06-24 05:53:20
10265,548,2023-03-16 09:46:40,31802.77,Pending,2023-03-16 09:46:40
10266,993,2022-05-31 20:46:40,160550.17,Completed,2022-05-31 20:46:40
10267,375,2022-06-20 04:40:00,46957,Completed,2022-06-20 04:40:00
10268,250,2022-10-15 21:40:00,193981.58,Completed,2022-10-15 21:40:00
10269,276,2023-01-15 10:53:20,19642.1,Completed,2023-01-15 10:53:20
10270,489,2022-12-24 22:13:20,147535.3,Completed,2022-12-24 22:13:20
10271,315,2023-03-28 05:06:40,28110.69,Completed,2023-03-28 05:06:40
10272,826,2022-06-07 01:13:00,26856.28,In Progress,2022-06-07 01:13:00
10273,256,2023-02-02 09:26:00,163920.79,In Progress,2023-02-02 09:26:00
10274,775,2022-09-23 19:06:40,11563.18,In Progress,2022-09-23 19:06:40
10275,83,2022-05-30 00:20:00,156299.04,Completed,2022-05-30 00:20:00
10276,278,2022-05-08 09:00:00,100883.13,Completed,2022-05-08 09:00:00
10277,524,2022-12-28 15:06:40,17371.64,Completed,2022-12-28 15:06:40
10278,207,2022-09-12 01:40:00,50495.31,In Progress,2022-09-12 01:40:00
10279,601,2023-07-02 14:26:00,149501.92,In Progress,2023-07-02 14:26:00
10280,938,2022-11-10 14:53:00,40118.56,Completed,2022-11-10 14:53:00
10281,531,2022-09-20 16:06:40,84074.84,In Progress,2022-09-20 16:06:40
10282,966,2022-04-18 19:26:40,188409.77,Completed,2022-04-18 19:26:40
10283,563,2022-07-22 22:46:40,167278.04,In Progress,2022-07-22 22:46:40
10284,132,2023-11-02 01:46:00,185294.41,In Progress,2023-11-02 01:46:00
10285,969,2022-09-09 13:26:00,38871.72,Completed,2022-09-09 13:26:00
10286,632,2023-01-18 00:00:00,177169.7,Completed,2023-01-18 00:00:00
10287,77,2022-06-19 03:40:00,143263.08,Completed,2022-06-19 03:40:00
10288,968,2023-02-02 01:06:00,13486.92,In Progress,2023-02-02 01:06:00
10289,301,2023-05-03 01:33:00,104536.79,Completed,2023-05-03 01:33:00
10290,151,2022-05-12 19:53:00,46932.6,Completed,2022-05-12 19:53:00
10291,915,2022-08-13 08:40:00,31405.08,Completed,2022-08-13 08:40:00
10292,548,2022-05-23 07:13:20,143770.13,Completed,2022-05-23 07:13:20
10293,290,2022-08-21 13:53:20,43724.46,In Progress,2022-08-21 13:53:20
10294,592,2022-09-09 16:13:00,90271.63,In Progress,2022-09-09 16:13:00
10295,54,2022-03-12 06:46:00,65484.95,In Progress,2022-03-12 06:46:00
10296,568,2022-09-18 14:06:40,99683.67,Completed,2022-09-18 14:06:40
10297,142,2023-02-26 14:00:00,39837,Completed,2023-02-26 14:00:00
10298,146,2022-06-08 10:00:00,31653.81,In Progress,2022-06-08 10:00:00
10299,351,2022-12-09 13:40:00,192950.63,In Progress,2022-12-09 13:40:00
10300,198,2022-04-22 04:00:00,63580.08,In Progress,2022-04-22 04:00:00
10301,211,2023-03-28 02:20:00,128394.52,In Progress,2023-03-28 02:20:00
10302,759,2022-09-12 18:20:00,132963.24,Completed,2022-09-12 18:20:00
10303,71,2022-06-20 13:00:00,153987.28,In Progress,2022-06-20 13:00:00
10304,24,2023-03-16 18:06:40,70674.99,Completed,2023-03-16 18:06:40
10305,13,2022-09-17 02:00:00,190747.27,In Progress,2022-09-17 02:00:00
10306,878,2022-06-18 19:20:00,95395.21,In Progress,2022-06-18 19:20:00
10307,86,2022-09-30 20:33:20,59216.83,In Progress,2022-09-30 20:33:20
10308,294,2023-01-02 22:20:00,83671.06,In Progress,2023-01-02 22:20:00
10309,717,2023-03-24 12:13:20,50294.47,In Progress,2023-03-24 12:13:20
10310,629,2022-11-26 13:40:00,107136.2,Completed,2022-11-26 13:40:00
10311,353,2023-03-24 17:46:40,173369.72,In Progress,2023-03-24 17:46:40
10312,,,0,,
10313,648,2023-03-13 20:40:00,178639.62,In Progress,2023-03-13 20:40:00
10314,558,2022-03-07 09:20:00,97060.61,In Progress,2022-03-07 09:20:00
10315,492,2022-10-06 22:26:00,152469.58,In Progress,2022-10-06 22:26:00
10316,202,2022-10-14 12:20:00,125593.87,Completed,2022-10-14 12:20:00
10317,461,2022-11-20 07:40:00,85122.65,Completed,2022-11-20 07:40:00
10318,705,2023-12-04 14:33:00,89719.65,In Progress,2023-12-04 14:33:00
10319,756,2023-03-22 01:53:20,140411.24,In Progress,2023-03-22 01:53:20
10320,106,2023-10-03 12:06:00,106937.12,In Progress,2023-10-03 12:06:00
10321,351,2023-08-02 15:26:00,125473.32,In Progress,2023-08-02 15:26:00
10322,,,0,,
10323,483,2022-11-27 06:20:00,12243.25,Completed,2022-11-27 06:20:00
10324,739,2023-12-02 02:46:00,13418.16,In Progress,2023-12-02 02:46:00
10325,,,0,,
10326,292,2022-04-08 05:13:00,109479.35,Completed,2022-04-08 05:13:00
10327,292,2022-11-12 14:46:00,5773.47,In Progress,2022-11-12 14:46:00
10328,120,2022-11-29 08:20:00,119560.41,Completed,2022-11-29 08:20:00
10329,581,2022-11-06 04:00:00,8629.92,Pending,2022-11-06 04:00:00
10330,88,2022-04-06 02:33:00,63161.91,Completed,2022-04-06 02:33:00
10331,,,0,,
10332,585,2022-06-11 07:33:00,86183.66,In Progress,2022-06-11 07:33:00
10333,416,2022-10-17 07:00:00,89565.47,In Progress,2022-10-17 07:00:00
10334,,,0,,
10335,950,2022-01-07 12:53:00,29517.09,Completed,2022-01-07 12:53:00
10336,167,2022-04-06 19:13:00,6325.58,In Progress,2022-04-06 19:13:00
10337,915,2022-12-28 09:33:20,109257.73,Completed,2022-12-28 09:33:20
10338,660,2023-01-30 12:00:00,62391.21,In Progress,2023-01-30 12:00:00
10339,574,2022-04-11 11:06:00,103808.16,Completed,2022-04-11 11:06:00
10340,809,2023-03-04 16:40:00,187178.51,Completed,2023-03-04 16:40:00
10341,773,2022-04-21 00:13:20,123318.78,In Progress,2022-04-21 00:13:20
10342,774,2022-06-22 15:00:00,121323.04,In Progress,2022-06-22 15:00:00
10343,868,2022-06-30 11:53:20,63269.53,Completed,2022-06-30 11:53:20
10344,174,2022-02-06 22:46:00,128904.95,Completed,2022-02-06 22:46:00
10345,697,2023-06-04 22:26:00,160096.27,Completed,2023-06-04 22:26:00
10346,873,2022-06-27 22:46:40,70044.11,Completed,2022-06-27 22:46:40
10347,779,2022-05-13 19:26:40,60985.15,Completed,2022-05-13 19:26:40
10348,190,2022-02-10 14:13:00,58168.06,In Progress,2022-02-10 14:13:00
10349,184,2022-10-16 00:26:40,140485.66,Completed,2022-10-16 00:26:40
10350,86,2022-12-13 11:13:20,149341.4,In Progress,2022-12-13 11:13:20
10351,275,2022-08-25 12:20:00,179291.72,Pending,2022-08-25 12:20:00
10352,,,0,,
10353,572,2022-09-28 04:40:00,163832.93,Completed,2022-09-28 04:40:00
10354,878,2022-09-25 12:46:40,77615.4,In Progress,2022-09-25 12:46:40
10355,964,2022-10-24 22:20:00,48505.94,Completed,2022-10-24 22:20:00
10356,684,2022-12-30 03:13:20,72954.62,Completed,2022-12-30 03:13:20
10357,152,2022-04-25 15:20:00,6098.41,Completed,2022-04-25 15:20:00
10358,318,2022-05-25 00:53:20,191606.15,In Progress,2022-05-25 00:53:20
10359,909,2022-04-20 18:40:00,103467.47,Completed,2022-04-20 18:40:00
10360,411,2022-11-17 04:40:00,91036.43,Completed,2022-11-17 04:40:00
10361,200,2022-12-17 04:06:40,186053.58,Pending,2022-12-17 04:06:40
10362,,,0,,
10363,853,2022-08-12 14:33:00,42585.47,In Progress,2022-08-12 14:33:00
10364,433,2022-09-05 04:20:00,141162.41,Completed,2022-09-05 04:20:00
10365,214,2022-09-05 09:53:00,19138.32,Completed,2022-09-05 09:53:00
10366,826,2023-04-16 04:40:00,70251.01,Completed,2023-04-16 04:40:00
10367,264,2022-11-14 10:00:00,52428.77,In Progress,2022-11-14 10:00:00
10368,8,2022-06-12 07:00:00,104074.03,Completed,2022-06-12 07:00:00
10369,509,2022-04-11 00:00:00,50751.91,Completed,2022-04-11 00:00:00
10370,890,2022-05-06 06:20:00,7020.58,In Progress,2022-05-06 06:20:00
10371,599,2022-04-08 13:33:00,65936.96,In Progress,2022-04-08 13:33:00
10372,166,2022-07-30 19:40:00,188398.03,Completed,2022-07-30 19:40:00
10373,617,2022-05-15 07:33:20,55034.21,Completed,2022-05-15 07:33:20
10374,385,2022-11-08 06:40:00,199705.66,In Progress,2022-11-08 06:40:00
10375,222,2023-03-04 19:26:00,137244.35,Completed,2023-03-04 19:26:00
10376,831,2022-06-30 09:06:40,66927.27,Completed,2022-06-30 09:06:40
10377,960,2022-04-21 08:33:20,22429.68,In Progress,2022-04-21 08:33:20
10378,332,2023-03-17 10:46:40,134613.6,In Progress,2023-03-17 10:46:40
10379,101,2023-02-01 00:40:00,4109.39,In Progress,2023-02-01 00:40:00
10380,396,2022-11-08 17:46:00,73481.25,Completed,2022-11-08 17:46:00
10381,381,2022-07-13 13:46:40,87605.48,In Progress,2022-07-13 13:46:40
10382,,,0,,
10383,431,2022-10-27 17:00:00,98571.55,In Progress,2022-10-27 17:00:00
10384,358,2022-05-30 17:00:00,98950.02,In Progress,2022-05-30 17:00:00
10385,262,2022-12-19 08:53:20,25033.49,Denied,2022-12-19 08:53:20
10386,747,2023-03-28 16:13:20,54887.33,Completed,2023-03-28 16:13:20
10387,344,2023-02-14 18:40:00,67267.01,Completed,2023-02-14 18:40:00
10388,586,2022-08-07 22:40:00,83360.57,In Progress,2022-08-07 22:40:00
10389,277,2022-01-06 19:00:00,167785.46,Completed,2022-01-06 19:00:00
10390,491,2022-05-14 20:26:40,90666.59,Denied,2022-05-14 20:26:40
10391,353,2022-05-10 17:13:00,66177.66,Completed,2022-05-10 17:13:00
10392,722,2022-06-30 17:26:40,106066.48,In Progress,2022-06-30 17:26:40
10393,954,2022-06-23 18:46:40,63096.71,In Progress,2022-06-23 18:46:40
10394,803,2023-03-18 11:46:40,69601.53,Completed,2023-03-18 11:46:40
10395,400,2022-10-14 04:00:00,34183.95,Completed,2022-10-14 04:00:00
10396,52,2022-03-08 20:53:00,38126.57,In Progress,2022-03-08 20:53:00
10397,900,2022-07-30 08:33:20,79044.51,In Progress,2022-07-30 08:33:20
10398,620,2023-06-02 07:53:00,46112.74,In Progress,2023-06-02 07:53:00
10399,332,2022-06-19 20:20:00,116294.14,Completed,2022-06-19 20:20:00
10400,387,2023-02-27 20:33:20,149683,Completed,2023-02-27 20:33:20
10401,731,2022-08-17 04:20:00,11493.32,Denied,2022-08-17 04:20:00
10402,328,2023-02-19 04:13:20,165691.32,In Progress,2023-02-19 04:13:20
10403,87,2022-07-09 22:33:00,21592.96,Completed,2022-07-09 22:33:00
10404,,,0,,
10405,971,2022-05-18 10:33:20,8225.72,Completed,2022-05-18 10:33:20
10406,152,2022-10-11 00:26:00,27419.75,Completed,2022-10-11 00:26:00
10407,681,2022-05-19 03:13:20,33023.82,In Progress,2022-05-19 03:13:20
10408,,,0,,
10409,305,2022-02-08 17:06:00,52063.3,Completed,2022-02-08 17:06:00
10410,295,2022-11-13 22:53:20,9817.5,Completed,2022-11-13 22:53:20
10411,55,2022-07-30 03:00:00,49956.3,In Progress,2022-07-30 03:00:00
10412,,,0,,
10413,666,2023-01-03 19:46:00,175914.22,In Progress,2023-01-03 19:46:00
10414,598,2023-01-03 14:13:00,87533.82,Completed,2023-01-03 14:13:00
10415,703,2022-08-23 10:20:00,116702.77,In Progress,2022-08-23 10:20:00
10416,829,2022-07-12 19:06:00,165320.24,Pending,2022-07-12 19:06:00
10417,139,2022-09-24 09:00:00,66437.74,Completed,2022-09-24 09:00:00
10418,934,2023-03-16 15:20:00,126086.45,Pending,2023-03-16 15:20:00
10419,656,2023-03-02 02:06:00,154956.71,In Progress,2023-03-02 02:06:00
10420,174,2022-08-30 00:40:00,52342.22,Completed,2022-08-30 00:40:00
10421,729,2022-06-12 01:26:00,129676.16,Completed,2022-06-12 01:26:00
10422,504,2022-09-21 11:33:20,188636.15,In Progress,2022-09-21 11:33:20
10423,971,2023-01-27 03:26:40,186037.48,Completed,2023-01-27 03:26:40
10424,411,2023-10-04 01:26:00,93621.2,In Progress,2023-10-04 01:26:00
10425,360,2023-04-01 16:33:00,48682.6,In Progress,2023-04-01 16:33:00
10426,844,2022-03-06 09:53:00,57255.89,Denied,2022-03-06 09:53:00
10427,358,2022-09-30 15:00:00,110209.48,Completed,2022-09-30 15:00:00
10428,401,2022-05-12 17:06:00,182912.2,In Progress,2022-05-12 17:06:00
10429,831,2022-06-05 09:40:00,129351.85,Completed,2022-06-05 09:40:00
10430,42,2022-08-31 15:33:20,119400.01,In Progress,2022-08-31 15:33:20
10431,88,2023-01-04 20:13:00,158876.33,Completed,2023-01-04 20:13:00
10432,461,2022-04-11 22:13:00,62228.93,In Progress,2022-04-11 22:13:00
10433,685,2022-02-11 23:00:00,148866.98,Completed,2022-02-11 23:00:00
10434,134,2022-07-27 05:33:20,141357.37,Completed,2022-07-27 05:33:20
10435,882,2023-09-01 04:53:00,99026.96,In Progress,2023-09-01 04:53:00
10436,787,2023-06-01 10:13:00,85473.32,In Progress,2023-06-01 10:13:00
10437,995,2022-09-13 11:53:20,99161.17,In Progress,2022-09-13 11:53:20
10438,983,2023-01-17 10:06:40,64306.23,Completed,2023-01-17 10:06:40
10439,822,2022-11-18 22:20:00,119312.72,In Progress,2022-11-18 22:20:00
10440,287,2023-05-02 12:26:00,145472.89,In Progress,2023-05-02 12:26:00
10441,923,2023-01-24 06:00:00,126646.47,Completed,2023-01-24 06:00:00
10442,666,2023-08-04 02:13:00,55342.31,Completed,2023-08-04 02:13:00
10443,379,2022-08-12 20:06:00,51995.25,Completed,2022-08-12 20:06:00
10444,974,2022-10-25 12:13:20,17694.7,In Progress,2022-10-25 12:13:20
10445,54,2023-01-19 23:13:20,37497.03,Completed,2023-01-19 23:13:20
10446,125,2022-08-24 11:20:00,99105.78,In Progress,2022-08-24 11:20:00
10447,387,2022-04-18 16:40:00,28304.02,Completed,2022-04-18 16:40:00
10448,580,2022-11-24 08:53:20,180736.39,Completed,2022-11-24 08:53:20
10449,775,2022-09-10 01:46:00,45820.24,Completed,2022-09-10 01:46:00
10450,,,0,,
10451,72,2022-05-18 13:20:00,134834.81,Denied,2022-05-18 13:20:00
10452,,,0,,
10453,874,2022-10-25 20:33:20,180534.13,Completed,2022-10-25 20:33:20
10454,518,2022-12-28 01:13:20,24817.65,In Progress,2022-12-28 01:13:20
10455,705,2022-05-08 03:26:00,130781.24,In Progress,2022-05-08 03:26:00
10456,261,2022-05-25 20:20:00,94940.88,In Progress,2022-05-25 20:20:00
10457,41,2022-12-06 16:06:00,180967.39,In Progress,2022-12-06 16:06:00
10458,723,2022-05-11 14:53:00,86891.75,In Progress,2022-05-11 14:53:00
10459,226,2022-05-21 21:53:20,168770.57,Completed,2022-05-21 21:53:20
10460,494,2022-04-10 10:40:00,131895.66,Denied,2022-04-10 10:40:00
10461,210,2022-09-25 12:46:40,125417.93,In Progress,2022-09-25 12:46:40
10462,935,2022-09-18 19:40:00,94542.45,Completed,2022-09-18 19:40:00
10463,803,2023-05-03 12:40:00,33480.91,In Progress,2023-05-03 12:40:00
10464,493,2023-06-04 05:46:00,189690.11,In Progress,2023-06-04 05:46:00
10465,268,2022-09-30 20:33:20,137281.51,In Progress,2022-09-30 20:33:20
10466,978,2022-02-05 14:00:00,145849.22,In Progress,2022-02-05 14:00:00
10467,940,2022-10-10 05:33:00,151487.36,Completed,2022-10-10 05:33:00
10468,127,2023-08-01 17:46:00,13118.98,Completed,2023-08-01 17:46:00
10469,516,2022-06-29 08:06:40,3688.57,In Progress,2022-06-29 08:06:40
10470,878,2022-07-10 13:40:00,147805.28,In Progress,2022-07-10 13:40:00
10471,876,2023-01-14 09:53:20,97120.86,In Progress,2023-01-14 09:53:20
10472,172,2022-08-20 21:13:20,48669.87,In Progress,2022-08-20 21:13:20
10473,861,2022-08-30 06:13:20,108235.34,Completed,2022-08-30 06:13:20
10474,234,2022-11-05 23:00:00,38345.65,Completed,2022-11-05 23:00:00
10475,530,2023-03-13 04:00:00,47735.34,Completed,2023-03-13 04:00:00
10476,291,2022-09-09 13:26:00,164119.51,In Progress,2022-09-09 13:26:00
10477,,,0,,
10478,529,2022-12-28 15:06:40,47569.71,In Progress,2022-12-28 15:06:40
10479,423,2022-06-22 01:06:40,12298.69,Completed,2022-06-22 01:06:40
10480,,,0,,
10481,402,2022-04-24 00:26:40,103112.47,In Progress,2022-04-24 00:26:40
10482,930,2022-05-15 04:46:40,160849.07,Denied,2022-05-15 04:46:40
10483,339,2022-11-16 06:26:40,6363.5,Completed,2022-11-16 06:26:40
10484,291,2022-12-14 17:46:40,174513.97,Completed,2022-12-14 17:46:40
10485,929,2023-01-24 14:20:00,6490.81,Completed,2023-01-24 14:20:00
10486,979,2022-10-09 22:46:00,184742.38,In Progress,2022-10-09 22:46:00
10487,595,2022-05-27 22:20:00,34213.85,In Progress,2022-05-27 22:20:00
10488,767,2022-10-31 18:13:20,76084.28,Completed,2022-10-31 18:13:20
10489,561,2022-09-18 05:46:40,35919.52,In Progress,2022-09-18 05:46:40
10490,278,2022-10-30 20:00:00,2668.11,In Progress,2022-10-30 20:00:00
10491,55,2023-10-01 03:06:00,111165.6,Completed,2023-10-01 03:06:00
10492,226,2022-05-20 01:26:40,115043.98,In Progress,2022-05-20 01:26:40
10493,979,2022-04-12 02:13:00,119750.67,Completed,2022-04-12 02:13:00
10494,102,2022-01-09 11:00:00,160319.81,In Progress,2022-01-09 11:00:00
10495,841,2022-12-18 07:53:20,87114.29,In Progress,2022-12-18 07:53:20
10496,508,2022-12-15 18:46:40,196584.21,In Progress,2022-12-15 18:46:40
10497,573,2023-01-26 05:13:20,94601.53,Completed,2023-01-26 05:13:20
10498,,,0,,
10499,537,2022-08-14 09:40:00,160303.7,In Progress,2022-08-14 09:40:00
10500,698,2023-06-04 19:40:00,15108.14,In Progress,2023-06-04 19:40:00
10501,577,2023-01-25 01:26:40,78863.03,In Progress,2023-01-25 01:26:40
10502,817,2022-07-25 20:13:20,162030.11,Completed,2022-07-25 20:13:20
10503,799,2022-07-22 08:53:20,92403.23,In Progress,2022-07-22 08:53:20
10504,25,2023-03-24 06:40:00,152466.8,In Progress,2023-03-24 06:40:00
10505,929,2022-07-16 16:46:40,19761.69,In Progress,2022-07-16 16:46:40
10506,643,2022-03-12 09:33:00,51549.26,In Progress,2022-03-12 09:33:00
10507,178,2022-11-19 09:26:40,191837.24,In Progress,2022-11-19 09:26:40
10508,718,2022-09-06 10:20:00,79737.58,Completed,2022-09-06 10:20:00
10509,880,2022-05-16 16:53:20,74503.72,In Progress,2022-05-16 16:53:20
10510,564,2023-03-22 10:13:20,104287.15,Denied,2023-03-22 10:13:20
10511,545,2022-11-09 01:33:00,50993.09,Completed,2022-11-09 01:33:00
10512,433,2022-08-27 22:40:00,113452.42,In Progress,2022-08-27 22:40:00
10513,,,0,,
10514,626,2023-01-18 13:53:20,83491.7,Denied,2023-01-18 13:53:20
10515,33,2022-06-27 14:26:40,196585.91,In Progress,2022-06-27 14:26:40
10516,320,2022-11-16 23:06:40,55814.94,Completed,2022-11-16 23:06:40
10517,333,2022-11-18 00:06:40,87015.43,In Progress,2022-11-18 00:06:40
10518,811,2023-03-01 15:33:00,33474.79,Completed,2023-03-01 15:33:00
10519,744,2022-10-30 14:26:40,140562.4,In Progress,2022-10-30 14:26:40
10520,934,2022-07-18 16:00:00,194240.61,Completed,2022-07-18 16:00:00
10521,25,2023-03-27 06:53:20,124263.76,Denied,2023-03-27 06:53:20
10522,406,2022-11-24 03:20:00,106150.4,In Progress,2022-11-24 03:20:00
10523,665,2022-06-28 04:20:00,18913.02,In Progress,2022-06-28 04:20:00
10524,7,2023-01-30 14:46:40,73765.9,In Progress,2023-01-30 14:46:40
10525,462,2022-08-12 09:00:00,9554.16,In Progress,2022-08-12 09:00:00
10526,203,2022-01-12 07:33:00,196632.08,In Progress,2022-01-12 07:33:00
10527,663,2023-01-22 06:46:40,139846.41,Completed,2023-01-22 06:46:40
10528,449,2023-01-20 13:06:40,172984.89,In Progress,2023-01-20 13:06:40
10529,744,2023-01-21 03:00:00,85925.95,In Progress,2023-01-21 03:00:00
10530,749,2022-03-07 12:06:00,159047.4,Pending,2022-03-07 12:06:00
10531,,,0,,
10532,886,2022-08-30 20:06:40,124183.72,Completed,2022-08-30 20:06:40
10533,277,2023-04-02 14:13:00,184899.8,In Progress,2023-04-02 14:13:00
10534,154,2022-07-23 15:26:40,83072.85,Denied,2022-07-23 15:26:40
10535,256,2023-03-14 05:00:00,70245,Completed,2023-03-14 05:00:00
10536,820,2022-05-14 01:00:00,67519.73,Denied,2022-05-14 01:00:00
10537,180,2023-08-03 15:40:00,59432.54,Completed,2023-08-03 15:40:00
10538,635,2023-01-18 16:40:00,171817.13,Completed,2023-01-18 16:40:00
10539,529,2023-02-20 16:20:00,85264.97,In Progress,2023-02-20 16:20:00
10540,562,2022-11-29 11:06:40,13720.45,Denied,2022-11-29 11:06:40
10541,565,2022-12-25 09:20:00,125471.85,In Progress,2022-12-25 09:20:00
10542,802,2022-07-14 20:20:00,115772.45,Completed,2022-07-14 20:20:00
10543,998,2022-09-19 06:46:40,87677.42,Denied,2022-09-19 06:46:40
10544,319,2022-08-31 12:46:40,84491.03,In Progress,2022-08-31 12:46:40
10545,110,2022-10-06 05:46:00,8517.29,Denied,2022-10-06 05:46:00
10546,795,2023-01-16 09:06:40,17121.83,In Progress,2023-01-16 09:06:40
10547,928,2022-10-24 00:06:40,31621.09,In Progress,2022-10-24 00:06:40
10548,388,2023-01-24 14:20:00,185276.96,In Progress,2023-01-24 14:20:00
10549,526,2022-07-08 02:40:00,134502,In Progress,2022-07-08 02:40:00
10550,386,2022-04-05 13:13:00,41414.99,In Progress,2022-04-05 13:13:00
10551,935,2022-07-14 20:20:00,20759.51,In Progress,2022-07-14 20:20:00
10552,641,2022-12-28 04:00:00,126355.58,In Progress,2022-12-28 04:00:00
10553,290,2022-09-19 06:46:40,93269.56,In Progress,2022-09-19 06:46:40
10554,553,2022-10-15 21:40:00,186039.8,Completed,2022-10-15 21:40:00
10555,845,2022-01-08 02:13:00,111569.26,In Progress,2022-01-08 02:13:00
10556,469,2022-09-27 09:13:20,37618.95,Completed,2022-09-27 09:13:20
10557,794,2023-08-04 10:33:00,153930.67,Pending,2023-08-04 10:33:00
10558,788,2022-12-20 09:53:20,44012.52,Completed,2022-12-20 09:53:20
10559,,,0,,
10560,511,2023-01-28 15:33:20,101238.06,Completed,2023-01-28 15:33:20
10561,338,2023-01-03 17:00:00,76971.9,In Progress,2023-01-03 17:00:00
10562,251,2022-06-23 07:40:00,8698.22,In Progress,2022-06-23 07:40:00
10563,742,2023-02-13 06:33:20,132491.13,In Progress,2023-02-13 06:33:20
10564,156,2023-07-04 12:20:00,58705.48,Completed,2023-07-04 12:20:00
10565,571,2023-01-14 04:20:00,8797.93,In Progress,2023-01-14 04:20:00
10566,678,2023-07-02 03:20:00,155574.84,Completed,2023-07-02 03:20:00
10567,412,2023-11-02 18:26:00,95350.28,Completed,2023-11-02 18:26:00
10568,,,0,,
10569,564,2023-03-29 08:53:20,159021.56,In Progress,2023-03-29 08:53:20
10570,883,2023-04-04 01:00:00,91155.35,In Progress,2023-04-04 01:00:00
10571,15,2022-04-21 11:20:00,20285.04,In Progress,2022-04-21 11:20:00
10572,448,2023-06-04 16:53:00,5172.45,In Progress,2023-06-04 16:53:00
10573,707,2023-02-28 16:00:00,149224.47,In Progress,2023-02-28 16:00:00
10574,320,2022-12-27 14:06:40,160827.03,Completed,2022-12-27 14:06:40
10575,226,2022-12-19 00:33:20,143981.7,Completed,2022-12-19 00:33:20
10576,244,2022-05-25 00:53:20,36713.45,Completed,2022-05-25 00:53:20
10577,408,2022-04-26 05:13:20,95926.07,Denied,2022-04-26 05:13:20
10578,958,2023-02-02 03:53:00,140669.25,Completed,2023-02-02 03:53:00
10579,780,2023-01-19 03:46:40,118030.35,In Progress,2023-01-19 03:46:40
10580,490,2022-12-05 12:53:00,166269.88,In Progress,2022-12-05 12:53:00
10581,133,2023-06-04 19:40:00,55675.73,Completed,2023-06-04 19:40:00
10582,922,2022-06-12 23:40:00,59007.4,Denied,2022-06-12 23:40:00
10583,445,2022-12-11 13:33:00,12581.09,In Progress,2022-12-11 13:33:00
10584,159,2022-07-19 05:53:20,6043.58,Pending,2022-07-19 05:53:20
10585,42,2022-07-12 05:13:00,155377.73,In Progress,2022-07-12 05:13:00
10586,232,2023-08-03 21:13:00,172847.26,Completed,2023-08-03 21:13:00
10587,187,2022-07-20 18:00:00,39238.54,In Progress,2022-07-20 18:00:00
10588,239,2022-04-06 10:53:00,102941.69,In Progress,2022-04-06 10:53:00
10589,308,2022-06-22 15:00:00,12821.5,Completed,2022-06-22 15:00:00
10590,518,2022-06-17 15:33:20,136983.28,Completed,2022-06-17 15:33:20
10591,196,2022-12-11 10:46:00,68311.93,Completed,2022-12-11 10:46:00
10592,175,2022-11-21 14:13:20,192807.91,In Progress,2022-11-21 14:13:20
10593,507,2022-11-13 03:26:40,190979.13,Completed,2022-11-13 03:26:40
10594,813,2022-10-22 00:53:20,98815.81,Completed,2022-10-22 00:53:20
10595,945,2022-12-19 22:46:40,54238.75,In Progress,2022-12-19 22:46:40
10596,264,2022-10-16 14:20:00,88239.88,In Progress,2022-10-16 14:20:00
10597,805,2023-02-04 01:46:00,7735.13,In Progress,2023-02-04 01:46:00
10598,70,2023-02-03 04:06:00,55211.7,Completed,2023-02-03 04:06:00
10599,12,2022-09-26 08:13:20,185767.86,Completed,2022-09-26 08:13:20
10600,987,2022-05-11 06:33:00,38682.76,In Progress,2022-05-11 06:33:00
10601,87,2022-01-11 19:13:00,31882.37,In Progress,2022-01-11 19:13:00
10602,852,2022-02-08 11:33:00,177570.69,Completed,2022-02-08 11:33:00
10603,786,2022-05-29 04:53:20,89456.8,Completed,2022-05-29 04:53:20
10604,132,2022-11-17 18:33:20,58834.75,Completed,2022-11-17 18:33:20
10605,249,2022-10-10 22:13:00,139389.86,In Progress,2022-10-10 22:13:00
10606,484,2022-04-25 15:20:00,147609.41,Denied,2022-04-25 15:20:00
10607,757,2022-04-12 21:40:00,4037.14,In Progress,2022-04-12 21:40:00
10608,767,2023-10-02 03:33:00,34618.39,Completed,2023-10-02 03:33:00
10609,320,2022-06-20 10:13:20,66983.6,Completed,2022-06-20 10:13:20
10610,158,2022-03-05 09:26:00,5866.68,In Progress,2022-03-05 09:26:00
10611,524,2022-10-12 11:00:00,100424.43,In Progress,2022-10-12 11:00:00
10612,248,2022-10-29 19:00:00,184755.09,Completed,2022-10-29 19:00:00
10613,376,2022-04-21 14:06:40,132207.98,Denied,2022-04-21 14:06:40
10614,,,0,,
10615,51,2022-07-09 00:20:00,185290,Completed,2022-07-09 00:20:00
10616,392,2022-04-05 13:13:00,11568.84,Completed,2022-04-05 13:13:00
10617,624,2022-04-22 20:40:00,100091.75,Completed,2022-04-22 20:40:00
10618,378,2022-08-17 15:26:40,180147.78,Completed,2022-08-17 15:26:40
10619,210,2022-08-27 06:00:00,173719.85,In Progress,2022-08-27 06:00:00
10620,620,2022-05-26 18:33:20,23780.97,Completed,2022-05-26 18:33:20
10621,111,2022-05-23 15:33:20,121195.63,Completed,2022-05-23 15:33:20
10622,138,2023-03-04 02:46:00,113276.2,Denied,2023-03-04 02:46:00
10623,345,2023-05-04 10:20:00,89990.62,In Progress,2023-05-04 10:20:00
10624,611,2022-08-20 12:53:20,68170.79,Completed,2022-08-20 12:53:20
10625,80,2022-10-18 16:20:00,27281.34,Completed,2022-10-18 16:20:00
10626,825,2023-01-03 00:20:00,3946.19,In Progress,2023-01-03 00:20:00
10627,93,2022-07-23 09:53:20,59879.79,In Progress,2022-07-23 09:53:20
10628,774,2022-07-27 13:53:20,6946.97,In Progress,2022-07-27 13:53:20
10629,633,2022-04-27 00:40:00,52562.47,In Progress,2022-04-27 00:40:00
10630,459,2022-07-17 17:46:40,197867.87,In Progress,2022-07-17 17:46:40
10631,44,2022-06-27 22:46:40,78218.24,Completed,2022-06-27 22:46:40
10632,388,2023-01-17 10:06:40,127264.84,In Progress,2023-01-17 10:06:40
10633,132,2023-03-22 10:13:20,118727.79,In Progress,2023-03-22 10:13:20
10634,213,2023-02-04 18:26:00,112387.6,Completed,2023-02-04 18:26:00
10635,985,2023-11-04 05:13:00,113755.58,Completed,2023-11-04 05:13:00
10636,472,2022-09-16 03:46:40,48595.66,In Progress,2022-09-16 03:46:40
10637,252,2022-08-14 23:33:20,149627.47,In Progress,2022-08-14 23:33:20
10638,946,2023-03-15 22:40:00,57688.92,In Progress,2023-03-15 22:40:00
10639,860,2022-10-16 19:53:20,43970.71,Completed,2022-10-16 19:53:20
10640,157,2023-11-04 05:13:00,178073.19,Completed,2023-11-04 05:13:00
10641,194,2022-10-17 15:20:00,73451.03,Completed,2022-10-17 15:20:00
10642,954,2023-10-04 01:26:00,13149.97,In Progress,2023-10-04 01:26:00
10643,416,2023-09-04 14:20:00,18351.8,Completed,2023-09-04 14:20:00
10644,560,2022-05-26 13:00:00,37381.48,Completed,2022-05-26 13:00:00
10645,294,2023-02-13 06:33:20,35893.63,Completed,2023-02-13 06:33:20
10646,572,2022-10-17 01:26:40,139726.14,Completed,2022-10-17 01:26:40
10647,698,2023-03-24 23:20:00,47413.64,Completed,2023-03-24 23:20:00
10648,741,2022-10-14 23:26:40,180834.8,Completed,2022-10-14 23:26:40
10649,,,0,,
10650,739,2022-08-13 08:40:00,47201.5,Completed,2022-08-13 08:40:00
10651,37,2023-03-19 04:26:40,13128.87,In Progress,2023-03-19 04:26:40
10652,647,2022-11-30 23:13:20,70433.62,Completed,2022-11-30 23:13:20
10653,357,2022-12-12 10:13:00,180131.25,Completed,2022-12-12 10:13:00
10654,642,2023-03-21 20:20:00,185599.06,In Progress,2023-03-21 20:20:00
10655,931,2022-06-05 15:13:00,17293.66,Completed,2022-06-05 15:13:00
10656,948,2022-05-06 23:00:00,175399.65,Completed,2022-05-06 23:00:00
10657,414,2022-07-13 11:00:00,134435.21,In Progress,2022-07-13 11:00:00
10658,751,2023-01-28 04:26:40,28273.45,In Progress,2023-01-28 04:26:40
10659,573,2022-06-24 03:06:40,35809.58,In Progress,2022-06-24 03:06:40
10660,304,2023-03-18 14:33:20,2303.5,In Progress,2023-03-18 14:33:20
10661,382,2022-06-20 10:13:20,58991.79,In Progress,2022-06-20 10:13:20
10662,143,2022-05-25 23:06:40,106796.92,In Progress,2022-05-25 23:06:40
10663,690,2023-09-04 22:40:00,72207.41,In Progress,2023-09-04 22:40:00
10664,754,2023-03-17 10:46:40,60372.51,In Progress,2023-03-17 10:46:40
10665,44,2022-12-19 17:13:20,78126.56,In Progress,2022-12-19 17:13:20
10666,163,2023-01-25 09:46:40,179896.91,In Progress,2023-01-25 09:46:40
10667,892,2023-03-14 05:00:00,110202.54,In Progress,2023-03-14 05:00:00
10668,535,2022-04-18 22:13:20,11169.48,Completed,2022-04-18 22:13:20
10669,71,2023-02-02 06:40:00,136370.09,Completed,2023-02-02 06:40:00
10670,279,2023-01-18 19:26:40,62145.85,In Progress,2023-01-18 19:26:40
10671,969,2022-11-06 09:33:00,111062.72,Completed,2022-11-06 09:33:00
10672,427,2023-01-03 14:13:00,124744.31,In Progress,2023-01-03 14:13:00
10673,715,2022-09-25 23:53:20,177865.44,In Progress,2022-09-25 23:53:20
10674,648,2023-12-03 22:26:00,31868.03,In Progress,2023-12-03 22:26:00
10675,41,2023-06-03 02:33:00,127863.56,Denied,2023-06-03 02:33:00
10676,506,2023-04-13 12:46:40,76787.94,Completed,2023-04-13 12:46:40
10677,49,2023-04-03 14:26:00,74377.11,Completed,2023-04-03 14:26:00
10678,634,2022-10-16 08:46:40,169969.88,Pending,2022-10-16 08:46:40
10679,635,2022-09-19 20:40:00,124049.78,In Progress,2022-09-19 20:40:00
10680,460,2022-04-05 13:13:00,117087.83,Completed,2022-04-05 13:13:00
10681,887,2022-10-26 07:40:00,103222.17,In Progress,2022-10-26 07:40:00
10682,449,2023-03-30 15:26:40,40117.35,Completed,2023-03-30 15:26:40
10683,804,2023-03-14 07:46:40,44419.36,Completed,2023-03-14 07:46:40
10684,818,2022-06-27 11:40:00,193438.68,Completed,2022-06-27 11:40:00
10685,913,2023-03-29 06:06:40,58798.14,In Progress,2023-03-29 06:06:40
10686,,,0,,
10687,869,2022-05-14 17:40:00,7028.38,Pending,2022-05-14 17:40:00
10688,827,2023-03-17 10:46:40,25498.26,In Progress,2023-03-17 10:46:40
10689,926,2023-09-02 19:13:00,187415.05,In Progress,2023-09-02 19:13:00
10690,880,2022-09-19 01:13:20,115309.76,In Progress,2022-09-19 01:13:20
10691,714,2022-08-28 07:00:00,185322.37,In Progress,2022-08-28 07:00:00
10692,750,2022-11-12 03:40:00,161450.87,In Progress,2022-11-12 03:40:00
10693,101,2023-07-04 20:40:00,87777.35,Completed,2023-07-04 20:40:00
10694,846,2023-04-15 14:46:40,145404.45,In Progress,2023-04-15 14:46:40
10695,464,2022-10-31 09:53:20,112139.64,Completed,2022-10-31 09:53:20
10696,108,2023-02-23 05:26:40,143156.86,Completed,2023-02-23 05:26:40
10697,956,2023-11-04 16:20:00,58179.92,Completed,2023-11-04 16:20:00
10698,810,2022-06-16 11:46:40,73187.5,In Progress,2022-06-16 11:46:40
10699,971,2023-04-16 01:53:20,68138.63,In Progress,2023-04-16 01:53:20
10700,374,2023-03-19 04:26:40,56767.15,In Progress,2023-03-19 04:26:40
10701,62,2023-03-26 00:20:00,21610.59,In Progress,2023-03-26 00:20:00
10702,128,2022-10-18 05:13:20,120051.92,In Progress,2022-10-18 05:13:20
10703,873,2022-11-08 12:13:00,183515.83,In Progress,2022-11-08 12:13:00
10704,113,2022-08-17 15:26:40,27428.82,In Progress,2022-08-17 15:26:40
10705,96,2022-09-12 15:33:00,92315.83,Completed,2022-09-12 15:33:00
10706,855,2022-08-17 01:33:20,114214.62,Completed,2022-08-17 01:33:20
10707,915,2022-11-27 11:53:20,102324.23,Completed,2022-11-27 11:53:20
10708,793,2023-02-22 07:13:20,178773.4,In Progress,2023-02-22 07:13:20
10709,99,2023-09-01 07:40:00,47722.67,In Progress,2023-09-01 07:40:00
10710,,,0,,
10711,67,2023-03-13 17:53:20,182402.19,Completed,2023-03-13 17:53:20
10712,,,0,,
10713,359,2022-11-19 17:46:40,113421.93,In Progress,2022-11-19 17:46:40
10714,875,2022-10-06 19:40:00,154228.95,Completed,2022-10-06 19:40:00
10715,781,2022-08-24 19:40:00,29443.17,In Progress,2022-08-24 19:40:00
10716,786,2022-04-10 05:06:00,59750.68,Completed,2022-04-10 05:06:00
10717,798,2022-05-29 13:13:20,100488.59,Completed,2022-05-29 13:13:20
10718,50,2022-08-15 07:53:20,68753.95,Completed,2022-08-15 07:53:20
10719,278,2022-12-20 23:46:40,143587.33,In Progress,2022-12-20 23:46:40
10720,491,2023-02-26 14:00:00,176476.4,Completed,2023-02-26 14:00:00
10721,762,2023-03-19 01:40:00,175804.34,In Progress,2023-03-19 01:40:00
10722,132,2022-07-20 01:20:00,43672.84,In Progress,2022-07-20 01:20:00
10723,124,2022-10-26 21:33:20,131504.7,In Progress,2022-10-26 21:33:20
10724,887,2022-06-13 00:26:40,155637.68,Completed,2022-06-13 00:26:40
10725,712,2022-12-16 19:46:40,114810.97,Completed,2022-12-16 19:46:40
10726,,,0,,
10727,920,2023-01-29 02:40:00,158111.27,In Progress,2023-01-29 02:40:00
10728,745,2022-08-19 20:13:20,83105.14,In Progress,2022-08-19 20:13:20
10729,942,2022-05-16 19:40:00,176260.82,Completed,2022-05-16 19:40:00
10730,133,2022-09-09 19:00:00,38055.07,Completed,2022-09-09 19:00:00
10731,819,2022-03-12 20:40:00,93261.6,In Progress,2022-03-12 20:40:00
10732,131,2023-01-17 12:53:20,44064.37,Completed,2023-01-17 12:53:20
10733,159,2023-02-14 13:06:40,53251.58,In Progress,2023-02-14 13:06:40
10734,351,2022-10-05 22:00:00,14257.81,Completed,2022-10-05 22:00:00
10735,159,2022-04-26 10:46:40,93472.59,Completed,2022-04-26 10:46:40
10736,,,0,,
10737,467,2022-04-20 04:46:40,102253.71,Completed,2022-04-20 04:46:40
10738,44,2022-03-08 01:26:00,96774.08,In Progress,2022-03-08 01:26:00
10739,,,0,,
10740,289,2022-08-15 07:53:20,178325.51,In Progress,2022-08-15 07:53:20
10741,698,2022-03-09 04:40:00,135087.67,Completed,2022-03-09 04:40:00
10742,946,2023-03-28 16:13:20,36722.68,Pending,2023-03-28 16:13:20
10743,,,0,,
10744,760,2022-10-15 05:00:00,71976.41,In Progress,2022-10-15 05:00:00
10745,,,0,,
10746,139,2022-05-13 05:33:20,101071.12,Completed,2022-05-13 05:33:20
10747,962,2022-04-09 19:33:00,19871.27,Completed,2022-04-09 19:33:00
10748,500,2022-07-07 10:33:00,113905.98,In Progress,2022-07-07 10:33:00
10749,160,2022-09-14 04:33:20,43263.95,Completed,2022-09-14 04:33:20
10750,505,2023-09-04 03:13:00,4882.21,Completed,2023-09-04 03:13:00
10751,128,2022-08-06 06:33:00,155945.97,Completed,2022-08-06 06:33:00
10752,139,2023-01-24 19:53:20,199182.35,In Progress,2023-01-24 19:53:20
10753,188,2022-11-11 18:06:00,82868.72,In Progress,2022-11-11 18:06:00
10754,676,2022-07-23 18:13:20,185465.94,Completed,2022-07-23 18:13:20
10755,645,2023-01-27 14:33:20,194725.2,In Progress,2023-01-27 14:33:20
10756,471,2022-04-19 09:20:00,119673.7,In Progress,2022-04-19 09:20:00
10757,458,2022-11-18 08:26:40,134617.81,Completed,2022-11-18 08:26:40
10758,478,2023-01-19 14:53:20,77625.49,Completed,2023-01-19 14:53:20
10759,594,2022-04-17 01:46:40,21589.63,In Progress,2022-04-17 01:46:40
10760,367,2022-04-18 11:06:40,126617.92,In Progress,2022-04-18 11:06:40
10761,856,2022-11-11 20:53:00,56323.93,Pending,2022-11-11 20:53:00
10762,441,2022-11-30 20:26:40,81948.96,Completed,2022-11-30 20:26:40
10763,278,2022-04-19 20:26:40,85704.81,Completed,2022-04-19 20:26:40
10764,,,0,,
10765,392,2022-11-21 14:13:20,79603.95,Completed,2022-11-21 14:13:20
10766,590,2023-01-14 09:53:20,3307.18,Denied,2023-01-14 09:53:20
10767,111,2022-11-16 06:26:40,166819.05,Completed,2022-11-16 06:26:40
10768,797,2022-04-16 23:00:00,118521.08,In Progress,2022-04-16 23:00:00
10769,122,2022-12-27 19:40:00,88098.5,Completed,2022-12-27 19:40:00
10770,831,2022-07-22 08:53:20,171094,In Progress,2022-07-22 08:53:20
10771,407,2022-07-10 10:53:00,150727.96,Completed,2022-07-10 10:53:00
10772,,,0,,
10773,178,2023-03-23 00:06:40,175842.76,In Progress,2023-03-23 00:06:40
10774,463,2022-07-06 00:00:00,73538.43,Completed,2022-07-06 00:00:00
10775,186,2022-08-05 06:06:00,77615.2,Denied,2022-08-05 06:06:00
10776,410,2023-02-23 19:20:00,41406.21,In Progress,2023-02-23 19:20:00
10777,435,2022-12-16 19:46:40,58255.86,Completed,2022-12-16 19:46:40
10778,184,2023-10-04 04:13:00,20728.64,In Progress,2023-10-04 04:13:00
10779,492,2022-12-15 04:53:20,75162,Completed,2022-12-15 04:53:20
10780,971,2022-03-09 18:33:00,29208.58,Completed,2022-03-09 18:33:00
10781,877,2022-12-23 10:06:40,148493.57,Completed,2022-12-23 10:06:40
10782,398,2022-11-07 11:46:00,94891.99,Completed,2022-11-07 11:46:00
10783,,,0,,
10784,673,2022-07-16 00:06:40,35762.54,Denied,2022-07-16 00:06:40
10785,946,2023-03-22 18:33:20,157725.87,In Progress,2023-03-22 18:33:20
10786,637,2023-06-04 19:40:00,139526.67,In Progress,2023-06-04 19:40:00
10787,893,2023-06-01 01:53:00,134367.89,In Progress,2023-06-01 01:53:00
10788,973,2022-09-09 13:26:00,16805.14,Pending,2022-09-09 13:26:00
10789,648,2022-11-10 03:46:00,127836.82,Completed,2022-11-10 03:46:00
10790,97,2022-08-28 12:33:20,32019.26,In Progress,2022-08-28 12:33:20
10791,316,2022-05-23 04:26:40,134767.31,Pending,2022-05-23 04:26:40
10792,958,2022-02-11 00:46:00,116901.79,In Progress,2022-02-11 00:46:00
10793,408,2022-09-16 12:06:40,104254.39,Completed,2022-09-16 12:06:40
10794,129,2023-04-16 04:40:00,168133.28,In Progress,2023-04-16 04:40:00
10795,143,2022-06-07 01:13:00,142238.42,In Progress,2022-06-07 01:13:00
10796,490,2022-09-14 01:46:40,56847.53,Completed,2022-09-14 01:46:40
10797,37,2022-07-25 03:33:20,157401.38,In Progress,2022-07-25 03:33:20
10798,462,2022-12-12 15:46:00,91334.94,Completed,2022-12-12 15:46:00
10799,606,2022-10-09 11:40:00,47205.14,Completed,2022-10-09 11:40:00
10800,221,2023-01-24 03:13:20,169410.07,Completed,2023-01-24 03:13:20
10801,,,0,,
10802,961,2023-02-21 00:40:00,125439.33,Completed,2023-02-21 00:40:00
10803,612,2022-05-06 20:13:00,132391,In Progress,2022-05-06 20:13:00
10804,753,2023-03-28 16:13:20,131301.89,Denied,2023-03-28 16:13:20
10805,115,2022-03-10 04:06:00,199823.08,Denied,2022-03-10 04:06:00
10806,9,2022-01-08 18:53:00,8172.43,In Progress,2022-01-08 18:53:00
10807,345,2022-02-06 11:40:00,16567.71,Completed,2022-02-06 11:40:00
10808,583,2022-07-22 11:40:00,80544.44,In Progress,2022-07-22 11:40:00
10809,573,2023-05-03 21:00:00,74968.92,Completed,2023-05-03 21:00:00
10810,610,2022-10-12 19:20:00,195472.72,In Progress,2022-10-12 19:20:00
10811,960,2023-01-31 13:00:00,50363.36,Completed,2023-01-31 13:00:00
10812,819,2022-07-28 17:40:00,121339.02,In Progress,2022-07-28 17:40:00
10813,126,2022-07-12 16:20:00,199558.51,Completed,2022-07-12 16:20:00
10814,816,2022-07-26 10:06:40,103578.04,Completed,2022-07-26 10:06:40
10815,69,2022-06-21 22:20:00,117109.5,Pending,2022-06-21 22:20:00
10816,911,2022-09-16 03:46:40,5411.17,Completed,2022-09-16 03:46:40
10817,,,0,,
10818,,,0,,
10819,272,2023-01-18 16:40:00,99567.53,Completed,2023-01-18 16:40:00
10820,78,2023-01-02 19:33:00,191745.42,Completed,2023-01-02 19:33:00
10821,871,2022-04-12 16:06:00,68436.22,In Progress,2022-04-12 16:06:00
10822,843,2022-04-25 12:33:20,12216.77,Completed,2022-04-25 12:33:20
10823,991,2023-06-02 21:46:00,107428.17,Completed,2023-06-02 21:46:00
10824,123,2023-07-04 17:53:00,164194.9,In Progress,2023-07-04 17:53:00
10825,506,2022-10-17 18:06:40,80283.94,In Progress,2022-10-17 18:06:40
10826,136,2022-11-09 09:53:00,112110.95,In Progress,2022-11-09 09:53:00
10827,853,2023-02-01 09:00:00,74414.58,In Progress,2023-02-01 09:00:00
10828,343,2022-07-12 10:46:00,74635,Completed,2022-07-12 10:46:00
10829,942,2022-11-21 05:53:20,145244.55,In Progress,2022-11-21 05:53:20
10830,990,2022-10-17 01:26:40,55131.64,In Progress,2022-10-17 01:26:40
10831,425,2023-05-03 21:00:00,20245.92,Completed,2023-05-03 21:00:00
10832,513,2022-06-18 02:40:00,131412.18,In Progress,2022-06-18 02:40:00
10833,873,2022-12-12 04:40:00,121135.92,Completed,2022-12-12 04:40:00
10834,206,2022-07-06 08:20:00,177417.89,In Progress,2022-07-06 08:20:00
10835,326,2022-03-05 01:06:00,84538.8,In Progress,2022-03-05 01:06:00
10836,716,2022-07-23 01:33:20,57146.97,In Progress,2022-07-23 01:33:20
10837,75,2022-10-22 00:53:20,73613.43,Completed,2022-10-22 00:53:20
10838,389,2023-04-04 06:33:00,144101.49,In Progress,2023-04-04 06:33:00
10839,955,2022-02-11 20:13:00,131066.77,In Progress,2022-02-11 20:13:00
10840,690,2022-12-17 06:53:20,137649.01,In Progress,2022-12-17 06:53:20
10841,885,2022-12-20 04:20:00,27994.08,Completed,2022-12-20 04:20:00
10842,470,2022-06-06 15:40:00,40291.4,In Progress,2022-06-06 15:40:00
10843,891,2023-01-04 11:53:00,94885.67,Completed,2023-01-04 11:53:00
10844,234,2022-04-05 18:46:00,162960.59,Completed,2022-04-05 18:46:00
10845,679,2023-11-03 18:40:00,104904.81,Completed,2023-11-03 18:40:00
10846,182,2022-12-24 05:33:20,76994.44,Completed,2022-12-24 05:33:20
10847,885,2023-10-04 12:33:00,65507.83,Completed,2023-10-04 12:33:00
10848,858,2023-09-03 11:06:00,49722.06,In Progress,2023-09-03 11:06:00
10849,729,2023-01-16 06:20:00,10391.83,In Progress,2023-01-16 06:20:00
10850,593,2023-02-20 05:13:20,152655.93,Completed,2023-02-20 05:13:20
10851,910,2022-06-24 22:33:20,176049.67,Completed,2022-06-24 22:33:20
10852,580,2022-05-18 16:06:40,30641.98,In Progress,2022-05-18 16:06:40
10853,472,2022-06-12 12:33:00,52162.68,Completed,2022-06-12 12:33:00
10854,,,0,,
10855,192,2022-06-11 07:33:00,57278.5,Completed,2022-06-11 07:33:00
10856,399,2022-10-26 10:26:40,48536.36,Completed,2022-10-26 10:26:40
10857,13,2022-10-05 05:20:00,9647.4,In Progress,2022-10-05 05:20:00
10858,296,2023-03-15 00:26:40,43252.77,Completed,2023-03-15 00:26:40
10859,967,2022-07-10 02:33:00,88481.57,Pending,2022-07-10 02:33:00
10860,416,2023-05-03 15:26:00,103709.92,In Progress,2023-05-03 15:26:00
10861,815,2023-10-04 18:06:00,153633.39,In Progress,2023-10-04 18:06:00
10862,590,2023-01-26 13:33:20,181473.29,In Progress,2023-01-26 13:33:20
10863,896,2022-08-06 01:00:00,27034.17,Completed,2022-08-06 01:00:00
10864,892,2022-10-25 17:46:40,112647.57,In Progress,2022-10-25 17:46:40
10865,546,2022-09-12 23:53:00,8061,Completed,2022-09-12 23:53:00
10866,891,2022-11-08 23:20:00,37347.81,In Progress,2022-11-08 23:20:00
10867,76,2023-01-25 18:06:40,9517.44,Completed,2023-01-25 18:06:40
10868,6,2023-01-17 04:33:20,130358.37,Pending,2023-01-17 04:33:20
10869,752,2022-06-26 10:40:00,117570.74,In Progress,2022-06-26 10:40:00
10870,288,2022-08-11 04:00:00,195707.24,In Progress,2022-08-11 04:00:00
10871,839,2022-07-20 12:26:40,185600.47,Completed,2022-07-20 12:26:40
10872,564,2022-06-28 09:53:20,65765.31,In Progress,2022-06-28 09:53:20
10873,464,2023-09-03 19:26:00,69936.89,Completed,2023-09-03 19:26:00
10874,49,2023-11-04 19:06:00,104469.4,In Progress,2023-11-04 19:06:00
10875,505,2022-11-06 04:00:00,160483.73,Completed,2022-11-06 04:00:00
10876,884,2023-09-02 10:53:00,55214.1,In Progress,2023-09-02 10:53:00
10877,154,2022-05-14 14:53:20,179617.26,In Progress,2022-05-14 14:53:20
10878,184,2023-02-16 12:20:00,103100.29,Completed,2023-02-16 12:20:00
10879,270,2022-05-14 14:53:20,83595.47,Completed,2022-05-14 14:53:20
10880,165,2022-05-12 14:20:00,173005.05,In Progress,2022-05-12 14:20:00
10881,545,2022-02-06 11:40:00,33949.4,Denied,2022-02-06 11:40:00
10882,478,2022-09-23 19:06:40,174853.89,In Progress,2022-09-23 19:06:40
10883,423,2022-12-29 05:00:00,27416.76,Denied,2022-12-29 05:00:00
10884,354,2022-03-11 21:13:00,102141.97,In Progress,2022-03-11 21:13:00
10885,358,2022-09-10 04:33:00,109394.52,Completed,2022-09-10 04:33:00
10886,437,2023-02-13 09:20:00,123656.18,Completed,2023-02-13 09:20:00
10887,38,2023-07-04 06:46:00,185127.07,In Progress,2023-07-04 06:46:00
10888,994,2023-12-01 16:13:00,13674.9,Completed,2023-12-01 16:13:00
10889,391,2022-06-19 17:33:20,157260.94,Completed,2022-06-19 17:33:20
10890,435,2022-10-07 16:20:00,96804.91,Completed,2022-10-07 16:20:00
10891,539,2023-10-03 20:26:00,185098.06,In Progress,2023-10-03 20:26:00
10892,468,2022-04-10 07:53:00,28788.26,Completed,2022-04-10 07:53:00
10893,61,2022-06-08 10:00:00,149295.09,In Progress,2022-06-08 10:00:00
10894,904,2022-11-08 17:46:00,10782.62,In Progress,2022-11-08 17:46:00
10895,636,2022-05-07 00:13:00,52154.92,In Progress,2022-05-07 00:13:00
10896,382,2022-05-25 03:40:00,141455.96,In Progress,2022-05-25 03:40:00
10897,667,2023-04-14 08:13:20,98074.22,In Progress,2023-04-14 08:13:20
10898,995,2023-03-03 02:20:00,179704.7,In Progress,2023-03-03 02:20:00
10899,203,2022-08-24 05:46:40,13919.95,Completed,2022-08-24 05:46:40
10900,223,2023-02-26 02:53:20,12369.11,Completed,2023-02-26 02:53:20
10901,349,2022-07-13 19:20:00,103879.38,In Progress,2022-07-13 19:20:00
10902,465,2023-01-13 11:40:00,83203.77,Completed,2023-01-13 11:40:00
10903,440,2023-05-04 21:26:00,115197.33,In Progress,2023-05-04 21:26:00
10904,986,2023-09-01 02:06:00,128589.29,Pending,2023-09-01 02:06:00
10905,244,2022-08-25 01:13:20,154371.73,In Progress,2022-08-25 01:13:20
10906,445,2023-03-27 15:13:20,142847.88,In Progress,2023-03-27 15:13:20
10907,296,2023-03-18 17:20:00,117196.08,Completed,2023-03-18 17:20:00
10908,284,2023-04-14 13:46:40,26087.45,Completed,2023-04-14 13:46:40
10909,,,0,,
10910,215,2022-04-12 21:40:00,114339.12,In Progress,2022-04-12 21:40:00
10911,98,2023-09-02 19:13:00,2569.03,In Progress,2023-09-02 19:13:00
10912,441,2022-06-23 21:33:20,47480.93,In Progress,2022-06-23 21:33:20
10913,443,2022-09-25 21:06:40,40364.88,In Progress,2022-09-25 21:06:40
10914,386,2022-10-12 16:33:00,124777.49,In Progress,2022-10-12 16:33:00
10915,430,2023-03-18 09:00:00,133835.26,In Progress,2023-03-18 09:00:00
10916,194,2022-05-08 06:13:00,108816.13,In Progress,2022-05-08 06:13:00
10917,642,2023-03-22 01:53:20,155104.81,Completed,2023-03-22 01:53:20
10918,50,2023-08-02 23:46:00,88666.17,In Progress,2023-08-02 23:46:00
10919,281,2023-04-14 05:26:40,27734.19,In Progress,2023-04-14 05:26:40
10920,52,2022-03-12 23:26:00,141233.16,Completed,2022-03-12 23:26:00
10921,141,2022-07-11 14:06:00,153674.64,Completed,2022-07-11 14:06:00
10922,52,2022-09-18 22:26:40,109348.49,Completed,2022-09-18 22:26:40
10923,,,0,,
10924,62,2022-12-06 07:46:00,190783.66,Completed,2022-12-06 07:46:00
10925,260,2022-08-13 08:40:00,56140.73,Pending,2022-08-13 08:40:00
10926,237,2023-04-15 09:13:20,53556.83,In Progress,2023-04-15 09:13:20
10927,783,2023-02-15 00:13:20,172981.71,In Progress,2023-02-15 00:13:20
10928,161,2022-08-11 09:33:00,83086.21,In Progress,2022-08-11 09:33:00
10929,188,2022-06-05 09:40:00,35644.27,In Progress,2022-06-05 09:40:00
10930,798,2023-01-24 08:46:40,73619.76,Completed,2023-01-24 08:46:40
10931,866,2022-04-21 11:20:00,72672.36,In Progress,2022-04-21 11:20:00
10932,830,2022-10-22 00:53:20,121212.02,In Progress,2022-10-22 00:53:20
10933,914,2022-08-20 12:53:20,105148.07,Completed,2022-08-20 12:53:20
10934,278,2023-03-16 12:33:20,35911.49,Denied,2023-03-16 12:33:20
10935,576,2023-05-02 06:53:00,156249.33,Completed,2023-05-02 06:53:00
10936,646,2023-03-02 07:40:00,106163.55,Completed,2023-03-02 07:40:00
10937,323,2023-11-02 10:06:00,172171.07,In Progress,2023-11-02 10:06:00
10938,290,2023-06-01 07:26:00,82074.6,Completed,2023-06-01 07:26:00
10939,739,2022-12-17 12:26:40,110386.58,Completed,2022-12-17 12:26:40
10940,863,2022-04-22 06:46:40,138227.04,Completed,2022-04-22 06:46:40
10941,746,2022-11-11 09:46:00,130847.45,Completed,2022-11-11 09:46:00
10942,202,2023-03-22 04:40:00,179512.99,Pending,2023-03-22 04:40:00
10943,526,2022-06-09 21:33:00,131058.55,Completed,2022-06-09 21:33:00
10944,297,2022-05-27 11:13:20,141371.83,Pending,2022-05-27 11:13:20
10945,,,0,,
10946,574,2022-05-14 06:33:20,115821.82,In Progress,2022-05-14 06:33:20
10947,59,2022-10-12 02:40:00,84430.06,In Progress,2022-10-12 02:40:00
10948,414,2023-10-02 14:40:00,119235.98,Completed,2023-10-02 14:40:00
10949,346,2022-11-30 12:06:40,132449.82,Completed,2022-11-30 12:06:40
10950,662,2022-09-08 21:20:00,54678.01,Completed,2022-09-08 21:20:00
10951,120,2023-09-01 04:53:00,64112.76,In Progress,2023-09-01 04:53:00
10952,,,0,,
10953,36,2022-07-23 15:26:40,48522.04,In Progress,2022-07-23 15:26:40
10954,279,2023-01-24 03:13:20,44777.93,Completed,2023-01-24 03:13:20
10955,959,2022-06-10 09:53:00,17471.19,In Progress,2022-06-10 09:53:00
10956,246,2023-03-17 16:20:00,168966.2,In Progress,2023-03-17 16:20:00
10957,152,2022-01-10 13:13:00,194780.74,In Progress,2022-01-10 13:13:00
10958,182,2022-08-08 09:13:00,46459.37,In Progress,2022-08-08 09:13:00
10959,775,2023-07-01 11:13:00,129487,In Progress,2023-07-01 11:13:00
10960,909,2022-10-24 00:06:40,117704,Completed,2022-10-24 00:06:40
10961,565,2022-08-27 00:26:40,183031.53,Completed,2022-08-27 00:26:40
10962,122,2022-05-27 16:46:40,158157.67,In Progress,2022-05-27 16:46:40
10963,833,2023-03-15 08:46:40,145200.39,In Progress,2023-03-15 08:46:40
10964,271,2023-04-03 20:00:00,41199.6,In Progress,2023-04-03 20:00:00
10965,503,2022-05-05 11:26:00,105213.76,In Progress,2022-05-05 11:26:00
10966,181,2022-08-10 03:33:00,167715.29,In Progress,2022-08-10 03:33:00
10967,314,2022-09-23 02:26:40,159748.04,In Progress,2022-09-23 02:26:40
10968,496,2022-09-26 02:40:00,53873.96,In Progress,2022-09-26 02:40:00
10969,468,2022-10-12 22:06:00,20362.58,In Progress,2022-10-12 22:06:00
10970,567,2022-05-24 13:46:40,50454.71,Completed,2022-05-24 13:46:40
10971,59,2022-09-27 00:53:20,7494.15,In Progress,2022-09-27 00:53:20
10972,399,2022-10-23 10:13:20,100109.05,Completed,2022-10-23 10:13:20
10973,267,2022-08-11 06:46:00,161482.96,In Progress,2022-08-11 06:46:00
10974,299,2022-06-24 11:26:40,86786.62,In Progress,2022-06-24 11:26:40
10975,80,2023-02-02 06:40:00,66255.65,In Progress,2023-02-02 06:40:00
10976,628,2022-08-14 15:13:20,57515.92,Completed,2022-08-14 15:13:20
10977,28,2023-03-03 07:53:00,28083.83,In Progress,2023-03-03 07:53:00
10978,338,2023-01-31 01:53:20,113242.94,Completed,2023-01-31 01:53:20
10979,579,2022-10-10 19:26:00,42585.62,Completed,2022-10-10 19:26:00
10980,227,2022-09-26 22:06:40,62019.58,In Progress,2022-09-26 22:06:40
10981,468,2023-02-18 03:13:20,181084.83,Completed,2023-02-18 03:13:20
10982,868,2023-04-03 03:20:00,76288.03,Completed,2023-04-03 03:20:00
10983,907,2023-05-02 06:53:00,199995.09,Completed,2023-05-02 06:53:00
10984,491,2022-07-29 21:26:40,121390.21,Completed,2022-07-29 21:26:40
10985,120,2022-11-15 02:40:00,100530.42,Completed,2022-11-15 02:40:00
10986,570,2023-09-04 08:46:00,23756.56,In Progress,2023-09-04 08:46:00
10987,186,2022-10-30 03:20:00,80669.88,Completed,2022-10-30 03:20:00
10988,314,2022-12-08 16:00:00,13330.22,In Progress,2022-12-08 16:00:00
10989,133,2022-02-08 22:40:00,161408.83,Completed,2022-02-08 22:40:00
10990,448,2022-03-12 20:40:00,162247.91,In Progress,2022-03-12 20:40:00
10991,966,2023-01-25 15:20:00,183486.65,Completed,2023-01-25 15:20:00
10992,162,2023-06-04 22:26:00,98990.32,Denied,2023-06-04 22:26:00
10993,472,2023-03-03 13:26:00,41751.09,In Progress,2023-03-03 13:26:00
10994,809,2023-12-04 14:33:00,11217.95,In Progress,2023-12-04 14:33:00
10995,967,2023-03-17 16:20:00,92904.95,In Progress,2023-03-17 16:20:00
10996,810,2022-12-23 07:20:00,106374.07,In Progress,2022-12-23 07:20:00
10997,686,2022-05-26 10:13:20,29985.46,In Progress,2022-05-26 10:13:20
10998,308,2022-10-23 15:46:40,184202.39,In Progress,2022-10-23 15:46:40
10999,417,2022-07-24 10:53:20,172340.97,In Progress,2022-07-24 10:53:20
11000,688,2023-01-26 21:53:20,151684.75,Completed,2023-01-26 21:53:20
